user_id,gender,occupation,zip_code,age,total_rated,Action,Adventure,Animation,Children's,Comedy,Crime,Documentary,Drama,Fantasy,Film-Noir,Horror,Musical,Mystery,Romance,Sci-Fi,Thriller,War,Western,exists_in_merged_user_data,files_present_in
0,0,19,622,24,272,75,42,12,25,91,25,5,107,2,1,13,13,5,44,43,52,25,6,True,5.0
1,1,13,689,53,62,10,3,1,4,16,9,0,35,1,2,2,1,4,16,4,12,3,0,True,4.0
2,0,20,270,23,54,14,4,0,0,12,10,1,22,0,2,5,2,11,5,8,21,5,0,True,3.0
3,0,19,331,24,24,8,4,0,0,4,4,1,6,0,0,1,1,5,3,6,11,2,0,True,5.0
4,1,13,133,33,175,56,33,14,29,82,9,0,27,2,1,28,12,3,19,33,19,14,2,False,0.0
5,0,6,758,42,211,25,22,10,20,66,14,1,104,3,6,4,13,12,41,13,24,21,5,True,1.0
6,0,0,651,57,403,95,58,13,36,88,32,5,146,7,11,47,26,21,56,48,77,41,18,False,0.0
8,0,18,1,29,22,4,3,0,0,6,0,0,11,0,1,1,0,1,8,4,5,5,0,True,4.0
9,0,9,642,53,184,25,14,7,8,47,16,3,81,1,9,6,14,15,36,12,34,20,5,True,5.0
10,1,13,262,39,181,33,16,0,6,74,14,0,82,2,1,5,1,12,42,23,33,18,5,True,3.0
12,0,3,243,47,636,156,73,16,52,188,45,13,218,12,14,75,31,33,105,65,121,41,13,False,0.0
13,0,17,416,45,98,18,14,6,6,35,6,2,39,1,3,1,5,6,21,13,13,10,1,True,5.0
14,1,3,745,49,104,22,12,2,7,28,6,0,48,3,2,2,2,7,25,12,25,10,0,False,0.0
15,0,5,97,21,140,30,12,8,11,39,19,0,56,1,6,9,10,8,27,16,34,13,3,True,3.0
17,1,13,297,35,277,25,18,12,19,102,12,4,141,4,4,5,24,9,68,15,23,27,4,False,0.0
19,1,8,727,42,48,19,13,4,8,14,2,0,13,2,0,2,4,1,8,10,13,8,0,False,0.0
20,0,20,258,26,179,39,16,9,12,32,15,1,47,2,2,61,7,9,15,23,66,6,0,True,4.0
21,0,20,311,25,128,66,35,0,8,72,8,0,16,1,1,5,4,3,19,25,23,15,4,True,3.0
22,1,1,364,30,151,39,28,11,15,50,7,1,54,2,2,5,16,5,34,30,21,13,4,True,1.0
24,0,4,417,39,78,20,15,9,11,26,2,0,25,1,1,2,6,2,12,17,15,9,1,True,5.0
25,0,4,192,49,107,35,17,2,4,33,9,0,41,0,1,3,0,6,20,16,29,8,1,False,0.0
27,0,20,433,32,79,26,16,2,3,11,6,0,18,1,1,22,4,3,7,27,31,5,1,False,0.0
28,0,14,689,41,34,10,1,1,2,7,5,0,15,0,2,1,0,2,4,4,17,5,1,False,0.0
30,0,1,88,24,36,5,3,0,0,5,4,3,13,0,4,1,2,9,10,3,9,2,0,True,4.0
31,1,18,575,28,41,15,10,2,2,15,4,0,14,0,0,2,0,2,8,9,11,5,0,True,5.0
36,0,18,415,23,57,50,20,0,0,3,9,0,7,1,1,3,0,1,9,17,27,5,0,False,0.0
37,1,13,408,28,121,32,23,10,30,43,2,0,24,3,1,18,12,3,18,15,24,7,1,False,0.0
39,0,17,230,38,35,8,2,0,2,11,3,0,18,0,1,1,0,3,3,5,11,4,0,True,3.0
40,0,4,591,33,52,12,5,2,3,19,4,0,24,1,0,0,2,2,13,9,10,11,2,True,4.0
41,0,0,151,30,183,43,31,13,21,59,6,1,66,5,0,8,13,5,43,25,36,10,3,True,5.0
42,1,10,186,29,221,51,28,20,27,87,17,1,81,6,1,7,16,8,60,20,40,18,4,False,0.0
43,0,19,352,26,151,44,34,11,16,44,10,1,51,2,1,11,14,8,25,37,34,18,2,False,0.0
48,1,18,545,23,215,37,20,21,29,88,25,2,71,5,3,18,17,8,35,28,41,7,0,True,4.0
50,0,3,142,28,23,9,10,0,1,5,1,0,9,0,0,1,3,2,8,4,3,3,1,False,0.0
53,0,6,512,22,65,29,15,3,3,11,9,1,21,2,2,3,0,8,10,11,30,5,0,True,4.0
54,0,14,4,37,21,17,9,0,0,1,3,0,4,0,1,0,0,1,3,6,10,4,0,True,4.0
56,0,12,603,16,106,31,18,5,12,46,8,0,22,3,0,2,3,2,13,19,27,9,0,False,0.0
57,0,14,389,27,154,25,16,6,6,59,14,5,67,1,3,3,3,7,37,18,30,13,1,True,5.0
58,0,3,81,49,382,73,44,17,31,107,23,4,162,5,12,25,21,16,75,39,71,33,11,False,0.0
59,0,7,60,50,208,42,29,6,19,51,8,0,85,5,7,12,18,15,36,30,38,24,5,False,0.0
61,1,0,741,27,232,64,42,5,14,60,13,2,108,4,3,10,11,7,54,35,48,26,2,False,0.0
62,0,11,542,31,93,15,8,5,8,31,4,1,42,0,1,1,4,5,19,8,21,5,0,False,0.0
63,0,3,325,32,200,60,37,9,19,56,16,5,78,4,1,12,13,6,36,33,39,26,4,True,4.0
64,1,3,363,51,80,11,7,1,3,29,5,2,46,1,0,1,0,5,23,9,9,8,4,False,0.0
68,0,4,429,24,65,20,8,1,1,12,11,2,28,0,1,4,1,5,11,10,24,6,0,False,0.0
71,1,0,527,48,137,46,24,1,2,20,16,2,67,1,6,2,1,12,20,21,40,18,5,True,2.0
72,0,18,317,24,66,10,4,3,4,17,7,2,31,0,2,2,2,2,12,13,15,6,0,False,0.0
73,0,17,788,39,39,7,2,0,1,6,4,1,22,0,1,3,0,6,7,4,12,4,0,False,0.0
74,0,5,84,24,79,18,10,6,7,35,5,0,20,3,0,2,2,3,12,7,19,5,0,True,4.0
75,0,18,31,20,82,11,6,0,0,12,14,1,46,0,1,4,1,9,18,18,19,6,1,True,3.0
78,1,0,42,39,55,6,3,1,1,14,2,2,38,0,0,1,1,3,14,5,7,5,0,True,5.0
79,1,0,387,34,29,4,1,0,1,6,2,0,18,1,0,2,0,1,8,3,5,4,0,False,0.0
80,0,18,197,21,58,10,5,4,5,24,3,0,23,1,0,2,4,2,11,4,13,3,0,False,0.0
81,0,14,207,50,168,30,25,14,23,54,9,1,58,3,3,10,11,9,32,16,27,18,4,False,0.0
82,0,13,336,40,155,46,29,6,29,74,5,0,42,6,0,4,6,6,33,13,32,12,2,False,0.0
83,0,6,433,32,68,17,7,3,6,23,6,0,26,1,1,0,3,3,15,5,22,8,1,False,0.0
84,0,3,169,51,288,46,32,10,23,87,11,2,152,2,5,4,24,14,52,26,29,33,8,False,0.0
86,0,0,627,47,211,75,33,0,8,113,19,2,51,4,2,4,8,2,40,30,31,19,10,False,0.0
88,1,0,514,43,76,11,8,2,2,37,3,1,39,0,0,0,1,1,37,7,3,4,0,True,5.0
89,0,3,564,60,300,31,15,1,9,78,20,6,173,2,8,8,13,19,69,11,49,29,5,False,0.0
90,0,11,13,55,98,33,18,3,6,11,7,0,46,1,2,6,6,9,15,16,24,19,3,True,5.0
91,0,5,591,32,388,103,55,15,24,130,33,4,133,6,4,28,18,15,69,56,101,27,5,True,3.0
93,0,18,524,26,400,102,52,20,37,128,33,4,155,6,9,29,24,16,67,47,74,34,14,False,0.0
94,0,0,100,31,278,78,55,18,47,81,8,2,97,7,2,17,22,9,57,36,44,29,9,False,0.0
95,1,1,539,25,56,15,5,1,4,15,7,2,17,1,4,5,1,3,11,11,15,7,1,False,0.0
96,0,1,753,43,63,16,14,5,4,20,3,2,22,1,2,3,3,4,8,18,13,6,3,True,3.0
98,0,18,499,20,136,39,17,3,2,45,16,0,53,1,0,8,2,8,30,9,44,10,2,False,0.0
99,0,6,638,36,59,13,3,0,1,12,4,0,31,1,2,3,1,4,9,5,19,5,0,True,5.0
101,0,14,261,38,216,101,49,14,17,70,23,0,39,5,3,28,12,10,32,45,57,17,4,False,0.0
103,0,18,418,27,111,25,10,0,0,32,18,1,57,1,3,3,1,10,20,13,28,10,1,False,0.0
105,0,15,424,61,64,12,8,1,4,20,4,1,40,0,0,0,0,1,18,1,9,6,2,False,0.0
107,0,3,500,44,33,11,7,1,2,9,2,0,14,0,0,0,2,2,11,7,6,6,0,True,3.0
108,0,13,443,29,234,87,47,7,15,72,22,0,72,6,2,16,10,7,36,41,64,17,2,True,4.0
109,0,18,560,19,133,50,13,0,4,48,14,0,43,1,1,6,1,4,26,11,40,8,4,False,0.0
110,0,4,641,57,24,3,1,0,1,5,2,0,13,0,1,1,0,4,6,1,6,2,0,False,0.0
111,0,16,475,30,46,10,1,0,0,8,8,0,27,0,1,1,1,7,8,1,19,5,0,False,0.0
112,0,6,713,47,51,11,3,0,0,9,6,0,28,0,1,2,2,6,9,6,17,4,0,True,3.0
113,0,14,536,27,48,9,5,0,0,11,6,0,22,0,2,2,2,6,5,12,13,8,1,True,3.0
114,0,4,146,31,92,25,11,3,3,12,11,4,41,1,6,4,2,4,12,12,27,9,3,True,2.0
115,0,7,744,40,143,33,15,2,5,20,14,1,72,0,3,5,3,16,28,20,44,11,3,False,0.0
116,0,18,140,20,86,32,19,4,6,25,6,0,24,2,0,6,5,2,13,23,30,7,0,False,0.0
117,0,0,636,21,71,13,10,0,1,10,9,2,28,1,1,20,2,5,5,12,21,9,0,True,5.0
118,0,14,513,32,181,60,32,1,4,43,15,1,82,2,3,3,5,5,31,25,50,15,1,True,5.0
119,1,13,53,47,26,13,9,1,1,3,1,0,14,0,0,0,0,1,4,5,7,6,0,False,0.0
120,0,10,774,54,74,19,9,1,1,13,7,1,43,2,0,0,0,5,17,10,17,10,0,True,4.0
121,1,20,204,32,61,5,3,0,1,10,5,0,47,1,1,0,1,3,10,5,5,5,4,True,1.0
124,0,9,203,30,182,33,17,2,9,118,8,1,41,3,1,3,10,7,37,20,24,21,4,False,0.0
125,1,9,173,28,45,13,1,0,2,7,4,1,23,0,1,4,2,9,9,3,18,4,0,False,0.0
127,1,11,172,24,184,32,23,9,19,58,4,2,85,1,1,0,18,8,59,14,25,13,2,False,0.0
128,1,11,71,36,30,6,2,0,1,4,3,0,18,0,1,2,0,3,9,2,11,3,0,False,0.0
129,0,12,463,20,353,120,57,19,35,92,30,1,102,5,3,35,17,12,47,55,102,17,3,True,5.0
134,0,18,306,23,55,22,10,0,0,4,11,0,17,0,2,8,0,4,4,11,28,2,2,False,0.0
135,0,13,748,51,35,6,2,0,0,6,3,2,24,0,2,0,0,2,8,5,4,5,0,False,0.0
140,0,14,295,49,107,31,14,1,6,37,8,1,36,1,1,1,0,5,20,13,34,8,0,True,5.0
141,0,13,363,13,33,9,4,3,3,13,2,0,8,0,1,2,3,4,4,6,12,2,0,False,0.0
143,0,14,189,53,206,48,18,2,7,52,21,5,116,3,4,5,5,14,41,23,44,22,3,True,2.0
144,0,5,792,31,316,81,44,4,13,93,29,0,102,7,7,33,4,19,60,49,99,19,5,True,5.0
145,0,1,602,45,29,5,3,0,1,8,5,2,13,1,1,1,1,5,5,3,9,3,0,True,5.0
147,0,4,735,33,65,12,15,14,15,20,3,0,25,0,1,2,11,2,9,13,5,10,1,False,0.0
150,1,0,361,38,307,45,28,10,15,110,12,3,137,3,11,11,22,20,76,30,46,25,8,False,0.0
153,0,18,400,25,51,8,5,0,0,10,6,0,25,0,5,3,2,8,8,10,8,8,0,False,0.0
156,0,4,523,57,51,18,5,1,1,18,5,0,21,0,0,0,1,1,13,5,12,4,0,False,0.0
157,0,3,231,50,173,81,37,2,2,55,27,0,48,2,5,6,2,7,33,35,39,22,6,False,0.0
158,1,18,432,23,107,30,11,2,7,43,9,0,30,3,1,1,7,6,28,11,27,6,0,True,4.0
159,0,14,510,27,120,24,13,6,5,33,17,2,51,1,4,8,3,8,16,11,26,7,2,True,5.0
160,0,9,414,50,58,13,7,1,4,18,6,1,31,0,1,0,3,3,17,5,7,8,2,True,2.0
163,0,7,582,47,63,27,12,0,0,7,7,0,25,2,2,2,0,7,10,8,33,7,0,True,5.0
164,1,13,405,20,30,10,5,2,5,7,4,0,12,0,0,1,3,2,6,6,9,6,0,True,3.0
165,0,3,420,47,20,7,0,0,2,6,1,0,6,0,0,2,0,2,5,2,9,2,0,True,1.0
166,0,13,782,37,69,12,8,4,7,25,1,2,26,0,1,4,1,4,13,6,10,7,3,False,0.0
167,0,13,583,48,69,22,12,3,6,25,2,0,23,2,0,2,3,2,14,10,22,4,0,False,0.0
168,1,13,401,52,37,11,7,1,3,10,2,0,12,1,1,2,2,3,8,7,7,9,0,True,3.0
172,0,13,206,56,43,9,1,0,1,11,6,0,21,0,2,0,2,7,6,2,13,6,0,True,4.0
173,1,0,390,30,177,17,16,4,21,90,14,0,72,2,2,2,7,5,44,6,26,6,2,True,1.0
175,0,17,70,28,63,14,8,1,1,19,5,0,36,0,0,2,2,4,13,11,11,3,0,False,0.0
176,0,14,159,20,115,33,10,1,3,24,21,0,52,0,5,6,4,12,18,22,34,11,2,True,4.0
177,0,13,373,26,273,87,44,8,15,78,21,0,99,2,5,10,11,15,68,33,69,28,8,True,5.0
178,0,5,181,15,42,9,2,1,1,11,5,0,20,0,2,5,2,6,4,5,15,2,0,True,2.0
179,1,0,468,22,63,16,8,0,1,24,4,0,28,1,0,1,1,2,21,8,12,6,0,True,5.0
180,0,6,197,26,435,58,31,9,27,132,29,13,188,6,3,15,8,17,61,21,76,14,2,False,0.0
181,0,14,290,36,28,6,5,2,3,9,2,1,12,1,0,1,1,2,7,7,2,6,1,False,0.0
182,0,17,233,33,53,29,18,0,2,9,3,0,11,0,0,0,1,4,12,20,16,6,3,True,4.0
183,0,10,543,37,251,37,21,6,11,75,15,5,141,3,5,9,14,9,67,19,26,21,3,True,3.0
184,1,10,749,53,48,5,2,1,1,10,3,1,32,1,1,1,0,2,11,5,7,9,0,False,0.0
185,1,6,0,39,92,30,13,5,10,13,13,0,25,2,3,2,4,10,7,7,51,2,3,False,0.0
186,0,3,143,26,56,8,3,0,2,23,0,1,31,1,0,0,3,3,16,5,5,5,2,True,3.0
187,0,18,247,42,112,38,18,1,3,24,11,0,44,0,2,6,5,5,22,12,34,18,4,True,5.0
188,0,1,712,32,187,29,19,8,16,47,10,3,96,2,7,3,16,15,51,15,31,21,4,False,0.0
189,0,0,731,30,59,23,8,1,2,4,8,0,26,0,3,2,1,7,9,4,27,4,0,True,4.0
190,0,0,720,33,27,7,1,0,0,4,4,0,15,0,1,3,0,3,4,2,12,2,0,True,3.0
192,0,18,375,29,121,37,16,2,6,42,13,0,38,2,1,8,4,8,29,9,29,6,4,False,0.0
193,0,0,28,38,305,68,47,17,31,101,20,0,126,4,6,9,21,10,55,30,40,35,13,False,0.0
194,0,17,684,42,96,36,14,1,6,18,5,1,40,1,1,3,5,3,17,17,26,5,0,True,5.0
196,0,19,537,55,118,76,32,1,2,17,18,0,37,0,3,6,3,6,22,24,36,17,5,False,0.0
197,1,18,439,21,181,56,32,6,8,49,13,1,72,3,4,13,8,7,33,31,40,20,5,True,4.0
198,0,20,150,30,40,5,2,4,7,15,1,1,17,1,0,0,2,3,9,2,7,2,0,False,0.0
199,0,14,682,40,216,79,57,16,42,52,10,1,61,10,2,10,17,4,36,43,50,17,4,False,0.0
200,0,20,778,27,386,87,39,11,12,70,41,6,196,2,9,41,14,17,59,40,92,31,7,False,0.0
203,1,10,101,52,42,4,2,1,3,12,5,1,24,0,1,1,0,4,6,2,10,4,0,False,0.0
206,0,11,659,39,230,57,18,2,5,84,23,3,100,3,2,3,5,8,51,17,51,19,6,False,0.0
208,1,3,621,33,33,6,5,2,2,10,3,2,13,0,0,1,0,1,9,4,5,4,0,False,0.0
209,0,4,39,39,132,35,17,7,14,59,9,0,44,5,4,7,8,5,31,19,19,15,3,True,4.0
213,1,10,106,26,128,23,10,3,3,33,19,2,69,0,2,4,4,11,30,15,25,11,0,True,4.0
216,0,13,110,22,76,69,29,0,1,5,8,0,10,1,0,4,0,1,9,21,32,6,2,False,0.0
217,0,0,63,37,53,11,3,0,1,26,10,0,18,0,3,3,2,3,6,6,20,2,1,True,5.0
218,0,14,327,32,28,7,2,2,2,8,0,0,15,0,0,1,2,1,5,5,6,3,0,True,2.0
221,0,14,227,29,387,115,62,19,43,131,29,1,128,6,5,27,20,13,61,52,78,27,8,True,5.0
222,1,18,358,19,105,22,12,7,14,45,6,0,31,3,0,4,7,6,23,7,28,5,1,True,3.0
223,1,3,330,31,141,25,11,0,2,19,11,0,104,1,0,1,0,7,36,7,30,14,5,True,2.0
224,1,0,452,51,27,5,2,1,1,6,2,0,15,0,0,0,4,2,6,1,6,4,1,False,0.0
225,0,18,662,28,50,8,4,3,1,11,5,1,28,0,1,0,2,3,6,9,11,5,2,True,5.0
226,0,6,482,46,58,10,3,1,0,17,8,0,29,1,1,1,1,4,10,5,13,3,0,True,5.0
228,1,10,208,29,30,9,1,0,0,4,2,0,19,0,1,1,0,4,8,3,13,2,0,False,0.0
229,1,18,126,28,133,33,25,12,24,32,7,0,50,3,2,5,18,5,27,16,22,17,6,True,3.0
230,0,10,3,48,21,10,6,1,2,5,1,0,8,0,0,0,1,1,7,4,4,4,0,False,0.0
231,0,17,776,45,93,17,9,1,6,24,6,3,58,1,1,1,8,4,26,11,9,16,2,True,3.0
232,0,4,771,38,110,17,11,7,15,25,12,2,63,1,2,2,9,4,20,8,12,16,4,True,2.0
233,0,15,707,60,480,65,50,16,49,143,33,7,213,8,15,18,36,26,94,31,79,38,11,False,0.0
234,0,3,213,37,94,16,11,1,2,31,4,1,48,0,0,1,3,4,22,12,12,16,1,True,5.0
235,1,20,399,44,124,28,16,4,10,28,8,0,62,2,1,5,9,7,30,14,28,15,6,False,0.0
236,0,0,502,49,48,7,2,2,1,10,4,0,23,1,3,2,2,6,10,5,14,11,0,True,2.0
238,0,1,726,39,159,19,13,2,6,43,10,4,76,1,5,9,9,13,28,17,22,21,2,True,5.0
243,0,19,591,28,238,47,20,9,8,101,8,1,100,2,2,8,10,4,50,22,31,22,4,False,0.0
245,0,18,238,19,195,69,39,13,20,69,18,1,44,2,0,24,13,5,32,37,48,13,6,True,2.0
248,0,18,604,25,161,55,24,7,4,44,24,1,61,3,2,3,4,9,27,27,49,16,1,True,1.0
249,0,6,717,29,122,25,12,11,15,34,13,1,42,1,1,7,10,8,20,20,38,7,0,False,0.0
252,1,10,208,26,97,30,14,3,8,27,9,0,36,0,1,6,5,3,21,10,27,8,3,True,5.0
254,0,5,69,23,83,37,13,0,1,7,5,0,13,1,0,28,0,5,5,13,42,4,1,False,0.0
255,1,12,308,35,207,73,36,4,9,57,18,0,68,1,3,10,6,6,55,25,71,11,4,False,0.0
256,0,18,549,17,57,6,4,0,1,9,5,1,40,0,0,2,1,4,21,5,6,5,0,False,0.0
258,0,18,367,21,46,16,8,0,0,12,3,0,18,0,1,4,1,2,9,9,10,8,1,True,1.0
262,0,14,432,41,123,35,19,5,15,25,4,0,55,3,1,3,10,8,21,17,29,23,6,False,0.0
263,1,20,634,36,120,12,7,1,0,63,10,3,38,1,3,21,4,4,22,9,16,4,1,False,0.0
264,0,6,610,26,46,14,8,2,3,13,5,0,21,1,0,1,0,2,9,6,15,4,0,False,0.0
266,0,4,601,23,185,74,35,7,5,57,20,0,50,4,4,6,6,8,26,39,50,21,5,False,0.0
267,0,4,164,24,328,113,55,16,21,118,29,1,76,5,7,27,15,16,43,51,86,20,10,True,4.0
268,1,10,324,31,323,51,27,2,14,110,31,4,148,4,10,18,14,19,59,36,53,28,7,False,0.0
269,1,18,498,18,138,30,12,1,2,28,6,0,56,1,0,24,3,6,43,15,44,7,1,True,5.0
270,0,4,212,51,278,45,29,6,14,87,20,3,134,6,6,6,14,15,59,21,47,33,10,True,4.0
271,0,17,402,33,51,15,6,0,2,12,6,2,22,1,1,6,0,2,7,8,10,12,0,False,0.0
273,1,18,439,20,71,14,11,3,6,24,2,0,27,2,0,4,4,1,24,5,13,8,0,True,5.0
274,0,4,660,38,95,42,32,22,25,20,0,0,18,2,1,4,18,3,9,26,19,10,2,False,0.0
275,0,18,715,21,518,158,76,24,37,158,52,4,168,10,6,47,25,23,64,78,135,28,12,True,1.0
276,1,0,434,35,54,11,8,2,3,12,9,0,29,1,1,0,1,4,14,7,11,5,0,False,0.0
277,1,10,255,37,23,6,1,1,1,5,1,0,13,0,2,1,1,3,5,1,8,4,0,False,0.0
278,0,14,617,33,434,116,60,20,32,211,28,4,99,7,4,19,18,12,65,50,59,24,9,True,5.0
279,1,10,208,30,258,73,39,13,32,83,18,0,87,6,2,12,15,7,54,31,56,20,4,True,4.0
280,1,18,52,15,26,5,4,2,5,6,1,0,7,1,0,2,3,4,3,2,9,3,0,False,0.0
281,0,0,174,22,22,7,3,0,0,4,3,0,7,0,1,3,1,4,2,4,9,2,0,True,5.0
283,0,6,671,40,47,7,2,0,3,9,6,0,26,0,1,2,2,8,12,2,13,3,0,True,4.0
284,0,14,404,25,32,5,2,1,2,9,6,0,14,0,1,4,2,4,8,4,10,2,0,True,2.0
285,0,18,134,27,288,53,39,17,27,131,21,2,98,5,2,15,22,7,61,34,41,11,3,False,0.0
289,0,4,683,40,150,53,43,14,28,46,3,0,43,6,2,4,17,5,24,33,27,22,2,False,0.0
290,0,18,334,19,296,78,33,15,22,93,27,1,89,6,3,28,12,11,36,33,90,14,6,True,5.0
291,1,14,708,35,124,38,19,3,5,23,12,4,48,2,6,5,6,12,22,20,37,14,4,True,5.0
292,0,20,483,24,388,94,40,12,20,111,36,1,165,4,8,17,21,18,73,46,96,29,10,False,0.0
293,0,19,663,34,150,58,26,3,4,41,21,0,40,2,2,10,3,15,24,22,55,13,1,False,0.0
294,0,3,382,31,196,48,35,10,27,67,9,1,73,4,2,6,22,6,49,24,20,17,7,True,5.0
295,1,0,144,43,147,29,12,3,4,40,15,3,80,0,3,0,5,7,32,16,22,15,2,True,5.0
296,1,3,760,29,192,50,22,9,14,62,19,1,67,1,2,12,10,9,38,23,50,21,3,False,0.0
297,0,6,6,44,127,26,20,12,23,39,5,1,51,3,1,4,15,5,28,12,20,21,3,False,0.0
298,0,2,497,29,280,39,21,16,16,107,19,10,126,4,5,9,19,10,73,30,41,20,4,True,1.0
299,1,14,416,26,20,7,1,0,2,12,1,0,3,0,0,1,0,2,3,2,6,1,0,True,4.0
300,0,18,446,24,275,97,51,13,23,98,23,0,82,4,3,13,19,5,43,46,62,29,7,False,0.0
302,0,18,130,19,484,128,59,18,33,184,38,5,152,7,6,29,29,20,85,61,106,26,10,True,2.0
304,0,14,690,23,222,44,26,5,6,67,18,1,114,1,5,4,13,11,48,25,39,24,2,False,0.0
306,0,18,448,25,112,38,30,9,9,37,6,3,34,3,1,4,12,2,21,32,14,14,0,False,0.0
307,0,15,716,60,397,76,43,12,25,126,37,5,163,7,13,27,28,19,66,40,82,30,9,True,1.0
310,0,19,528,32,294,71,46,11,30,77,20,2,126,5,4,12,18,11,65,31,52,29,13,False,0.0
311,0,13,19,48,223,32,24,11,12,58,8,4,96,0,11,8,21,17,47,21,37,32,6,False,0.0
312,0,11,459,41,262,68,42,23,39,73,19,0,85,4,10,16,21,16,43,33,59,31,9,False,0.0
313,1,18,77,20,245,34,21,11,35,111,14,0,91,4,0,6,12,5,60,9,42,5,3,False,0.0
314,0,3,155,31,87,17,6,0,1,28,15,4,35,0,6,5,2,7,10,8,25,11,1,False,0.0
315,1,13,551,43,75,14,9,2,4,9,4,1,52,0,2,3,4,1,24,4,10,14,2,True,5.0
316,0,0,121,22,22,11,3,0,0,2,1,0,6,0,1,2,0,4,5,4,14,4,0,False,0.0
317,0,15,64,65,174,23,15,2,17,84,17,0,79,3,1,3,13,7,37,9,11,15,2,True,2.0
319,0,18,221,19,154,75,32,10,10,43,14,0,26,3,1,14,6,4,30,30,51,9,7,False,0.0
320,1,3,438,49,125,15,12,1,4,27,7,3,74,0,5,0,7,13,33,6,13,18,2,False,0.0
321,0,18,383,20,51,9,2,1,1,6,10,2,24,0,6,2,0,7,12,4,18,7,0,False,0.0
322,0,18,161,21,89,23,9,1,3,21,12,1,46,0,0,1,4,6,17,11,26,11,1,False,0.0
323,1,18,30,21,66,14,5,2,4,15,8,0,31,1,0,3,2,5,18,7,19,5,0,False,0.0
324,0,19,24,48,142,29,21,9,11,42,9,3,62,1,4,7,12,8,20,20,19,22,3,False,0.0
325,0,0,137,41,187,56,32,4,11,50,9,2,61,3,6,24,8,11,31,28,32,22,6,True,1.0
326,0,18,102,22,284,65,26,7,10,100,25,7,113,4,3,15,10,16,57,32,58,23,4,False,0.0
327,0,0,65,51,283,98,40,2,10,46,31,1,135,3,6,13,9,15,44,36,86,39,14,True,5.0
328,0,3,9,48,65,20,7,1,3,14,10,0,30,2,2,2,2,5,15,7,23,10,0,False,0.0
329,1,3,290,35,147,30,24,15,26,53,7,1,53,2,1,6,19,4,35,14,22,16,7,True,5.0
330,0,5,651,33,70,3,5,1,4,16,7,4,40,0,2,3,3,5,13,2,9,9,0,False,0.0
331,0,18,315,20,183,77,37,4,5,45,17,0,49,3,4,10,2,17,22,32,77,13,7,True,5.0
333,0,10,252,32,333,59,34,6,15,95,27,2,174,4,8,14,16,22,75,36,60,27,5,False,0.0
335,0,16,318,23,130,17,9,1,5,100,8,0,24,1,0,3,4,2,29,6,12,2,3,True,5.0
337,1,10,454,39,75,4,4,4,2,32,3,0,30,0,4,2,2,8,22,4,12,9,1,True,5.0
338,0,9,304,35,254,60,27,6,11,74,30,2,110,2,11,15,12,12,39,36,50,29,7,False,0.0
341,1,13,753,25,201,12,5,6,5,83,18,4,102,2,5,4,7,7,47,10,28,5,0,True,2.0
342,0,4,260,43,237,49,27,5,7,62,20,1,119,3,6,8,6,11,42,29,48,25,5,False,0.0
343,1,10,692,30,190,40,23,7,10,61,12,2,83,1,2,5,7,8,50,18,39,14,4,False,0.0
344,1,10,694,28,232,39,19,4,8,70,15,1,125,0,1,5,9,10,68,11,47,16,4,True,5.0
345,0,13,544,34,193,81,32,1,11,46,23,1,65,5,5,10,6,8,28,26,61,21,7,True,4.0
346,0,18,636,18,199,75,34,10,15,54,19,0,73,4,0,7,9,8,31,26,55,19,6,False,0.0
349,0,18,745,32,50,16,10,1,2,9,2,0,19,0,4,3,2,4,9,14,13,12,2,False,0.0
350,0,3,376,61,44,12,2,2,3,4,5,0,21,0,0,4,3,5,9,2,19,4,0,True,5.0
352,0,17,237,25,25,9,3,0,0,2,3,0,16,0,0,1,0,4,4,6,10,4,0,True,3.0
353,1,10,364,29,233,18,14,4,10,77,3,4,136,3,3,2,15,10,67,15,18,22,4,False,0.0
355,1,8,674,32,24,6,1,0,1,5,2,1,12,1,0,2,0,5,4,1,10,2,0,False,0.0
356,0,6,763,26,76,26,12,3,6,27,4,0,20,3,0,2,1,4,14,10,18,8,0,False,0.0
357,0,3,95,40,43,3,3,1,3,7,2,0,32,1,0,2,1,3,7,4,2,3,0,True,1.0
359,0,13,754,51,102,24,12,2,5,22,9,1,58,2,2,0,1,8,22,12,15,21,1,True,3.0
360,0,18,332,22,121,19,8,0,0,42,11,1,53,0,6,4,5,8,46,9,29,9,3,False,0.0
362,0,18,624,20,311,99,44,15,14,92,31,1,108,3,7,33,11,17,40,56,85,20,6,False,0.0
364,0,9,172,29,58,4,3,2,4,23,3,1,29,0,0,2,4,2,11,6,7,3,0,True,5.0
366,0,18,299,17,58,17,7,0,0,7,6,0,12,0,1,31,0,5,5,15,20,3,0,False,0.0
369,0,20,82,52,75,16,9,1,1,25,4,0,28,1,4,2,3,9,12,11,19,9,2,False,0.0
371,1,18,509,25,66,11,3,0,0,2,14,0,29,0,1,20,0,6,7,5,33,3,0,False,0.0
372,1,13,421,24,233,57,35,18,30,83,11,2,90,3,2,4,21,5,53,23,29,20,6,True,4.0
373,0,6,576,36,274,85,46,5,14,71,33,1,97,6,5,14,5,12,40,39,86,14,2,False,0.0
375,1,13,89,28,30,2,1,0,0,8,2,0,15,0,0,1,2,2,13,1,8,1,0,False,0.0
377,0,18,35,35,375,89,53,15,37,117,22,2,170,5,2,18,27,11,79,38,66,27,7,True,4.0
378,0,14,761,44,196,52,32,2,15,72,11,3,72,1,2,16,5,8,33,30,32,20,6,False,0.0
379,0,4,422,32,162,34,20,4,11,41,6,1,78,1,4,11,8,9,28,26,28,26,4,True,4.0
380,0,1,703,33,127,17,15,10,20,27,8,2,63,0,5,4,14,11,33,10,24,11,1,False,0.0
382,0,0,538,42,71,3,1,0,2,14,4,0,46,0,6,2,2,9,16,3,13,8,2,True,5.0
383,0,14,344,52,22,9,2,1,2,3,3,0,9,0,1,1,2,5,5,4,10,3,0,True,5.0
384,0,20,88,36,281,44,27,9,12,88,26,8,123,2,10,17,18,14,48,27,41,24,4,False,0.0
386,0,5,300,33,304,73,41,21,21,83,32,5,116,2,3,29,16,9,38,43,57,32,5,False,0.0
387,0,13,294,31,52,14,5,2,3,8,6,0,20,0,1,11,1,6,5,5,22,3,0,True,2.0
388,1,20,599,44,271,32,19,13,24,120,18,2,102,6,9,11,28,14,62,19,37,21,3,True,4.0
389,1,20,612,42,31,4,3,2,3,5,4,0,19,0,1,0,3,3,8,2,8,4,0,False,0.0
390,0,18,611,23,121,26,13,1,3,23,14,1,66,0,1,4,5,9,21,11,26,17,7,True,3.0
391,0,20,455,52,111,20,12,5,4,28,11,3,57,0,3,2,6,9,22,11,19,11,2,False,0.0
392,0,18,598,19,448,124,73,22,56,191,24,2,135,11,3,13,22,15,76,52,84,22,10,True,4.0
393,0,0,734,25,149,73,42,3,13,51,10,0,30,4,1,15,6,1,21,44,38,10,3,True,3.0
394,0,13,333,43,57,21,15,3,6,17,4,0,23,3,1,2,3,2,13,10,11,7,1,False,0.0
395,0,4,699,57,54,25,10,1,2,6,3,0,17,1,1,2,0,6,6,5,32,4,1,True,3.0
396,0,18,230,17,102,26,10,3,10,24,16,0,47,1,4,5,7,12,15,15,28,11,2,True,3.0
397,0,13,458,40,172,33,27,8,14,73,13,0,63,2,3,5,12,12,39,19,23,18,7,False,0.0
398,0,13,668,25,319,97,60,18,41,86,27,5,103,5,2,20,21,10,43,42,68,23,6,False,0.0
400,1,7,606,46,153,27,18,7,13,51,10,1,64,1,3,1,10,14,43,9,26,21,4,True,2.0
401,0,4,719,30,68,17,10,3,4,22,6,2,29,0,0,1,1,5,13,11,14,10,1,False,0.0
402,0,13,66,37,50,18,10,2,3,18,3,0,15,1,0,4,0,2,10,10,14,6,0,False,0.0
403,1,14,418,29,44,12,1,0,3,14,6,0,17,1,1,3,1,6,7,3,17,6,0,False,0.0
404,1,7,93,22,737,122,73,30,77,222,41,16,309,12,12,60,24,21,110,54,99,39,21,True,1.0
405,0,3,680,52,342,53,36,15,17,103,25,8,151,4,7,28,27,13,60,36,47,36,7,True,4.0
406,0,4,41,29,226,62,37,13,18,91,15,0,69,3,6,24,16,11,39,34,38,20,7,True,2.0
408,0,0,765,48,203,32,19,4,4,54,9,3,101,0,5,5,9,16,38,17,36,25,4,True,4.0
410,0,3,343,34,58,27,17,2,4,19,4,0,20,0,2,1,4,3,13,13,10,6,2,True,1.0
412,0,3,567,55,50,14,6,0,0,9,7,0,29,0,1,1,1,7,14,10,12,9,0,True,4.0
413,0,14,305,24,25,5,0,0,0,3,4,0,11,0,1,3,0,3,3,5,13,1,0,True,4.0
415,1,18,670,20,493,109,61,18,48,158,40,2,212,8,3,23,27,20,111,32,101,32,10,False,0.0
416,1,13,361,27,365,107,55,19,28,127,29,2,106,6,5,36,20,14,64,61,79,26,8,True,4.0
420,1,14,415,38,62,18,9,0,1,9,13,0,20,1,5,10,0,6,10,12,24,6,0,False,0.0
421,0,5,698,26,97,25,11,1,3,18,14,0,35,1,2,30,0,9,9,19,27,7,1,False,0.0
424,0,18,453,19,204,111,42,2,4,30,25,1,54,0,3,28,6,11,25,46,73,20,6,False,0.0
425,0,3,7,55,101,8,10,4,5,26,9,0,37,0,10,5,12,11,16,6,22,15,4,False,0.0
426,0,2,618,51,31,7,3,1,2,6,3,0,13,0,1,2,3,5,6,1,9,2,0,False,0.0
427,0,18,439,28,55,11,3,1,5,16,8,0,22,1,2,3,3,7,10,2,17,6,0,False,0.0
428,0,18,242,27,414,99,57,14,32,132,29,3,167,9,6,28,24,18,72,41,73,32,11,True,3.0
429,0,17,764,38,65,17,8,2,1,11,12,0,32,0,2,6,0,3,11,13,15,10,0,True,5.0
431,0,5,380,22,62,17,11,1,2,24,6,0,22,1,0,2,0,2,12,11,15,4,0,True,1.0
432,0,1,104,27,41,11,6,1,2,6,7,0,18,0,2,1,1,4,7,4,15,7,1,True,4.0
434,0,4,457,24,379,113,66,19,30,128,29,2,104,8,3,43,16,14,48,66,90,29,6,True,3.0
435,1,0,149,30,145,25,7,3,6,50,15,0,65,3,1,11,7,3,30,12,34,4,4,False,0.0
436,1,13,172,27,263,37,23,15,29,82,15,1,117,4,6,16,25,8,65,22,45,18,5,True,3.0
440,0,19,411,50,20,6,2,2,3,7,1,0,6,0,0,1,1,2,2,2,5,1,0,False,0.0
442,0,16,281,35,24,9,2,0,0,4,5,1,7,0,0,2,0,4,4,7,9,4,0,True,3.0
443,1,9,396,51,24,12,2,0,0,2,2,0,13,0,0,1,0,2,10,4,10,5,0,False,0.0
444,0,20,672,21,135,38,13,2,2,32,25,2,53,0,2,7,2,10,13,15,47,8,2,True,2.0
446,0,0,420,30,139,43,21,2,4,42,16,1,48,1,5,9,4,5,30,24,42,18,2,True,4.0
447,0,5,94,23,38,1,2,0,1,9,5,4,22,0,1,2,1,6,3,3,6,3,0,True,3.0
448,0,10,412,23,75,9,2,2,1,18,9,2,41,1,0,1,1,2,14,3,17,4,0,True,4.0
449,1,3,112,35,540,92,64,15,50,186,34,2,237,7,13,19,31,26,119,41,88,41,13,True,5.0
450,0,18,366,16,98,17,7,1,8,26,10,3,38,1,2,5,3,11,17,5,29,6,0,False,0.0
451,0,0,235,35,206,46,28,12,22,64,10,1,88,2,3,6,13,10,43,21,33,26,6,True,3.0
452,0,18,54,18,156,48,24,1,7,58,16,1,59,1,0,8,8,1,24,18,35,13,3,False,0.0
453,0,13,747,57,236,49,32,9,17,55,18,1,110,2,7,2,17,18,60,22,50,25,8,True,4.0
454,0,0,600,48,189,57,29,3,10,39,15,0,99,2,2,10,5,9,44,29,45,19,2,True,5.0
455,0,19,268,24,217,48,20,8,10,60,21,2,95,2,3,13,13,12,40,22,41,16,4,True,4.0
456,1,16,253,33,277,72,41,6,17,87,15,1,116,4,3,14,13,6,55,43,49,25,5,False,0.0
457,0,19,794,47,183,29,11,9,9,39,18,4,98,1,4,5,9,11,28,15,37,18,4,True,1.0
458,0,18,241,22,118,42,20,6,13,39,7,0,35,3,0,2,6,8,24,20,39,13,0,True,2.0
459,1,13,479,44,68,9,4,1,3,13,11,2,44,0,1,2,1,6,15,5,12,5,0,True,3.0
461,1,18,37,19,33,9,4,0,3,7,4,0,16,0,0,3,1,3,6,3,13,4,0,False,0.0
462,1,7,540,48,133,21,15,5,17,50,8,1,59,2,1,2,7,3,35,9,17,9,0,False,0.0
463,0,20,701,60,53,17,5,0,1,14,12,0,15,0,2,2,2,8,9,10,24,8,1,True,2.0
464,0,13,46,32,80,12,9,7,11,21,6,2,37,1,2,0,6,6,14,12,14,13,1,False,0.0
465,0,18,643,22,101,58,19,1,2,16,17,0,34,1,3,7,1,12,19,15,38,11,2,True,3.0
466,0,4,648,29,44,11,8,2,1,12,10,1,20,0,1,1,0,3,5,10,9,3,0,True,1.0
467,0,4,34,28,143,26,18,4,10,43,14,0,81,2,2,1,8,6,27,17,23,16,3,False,0.0
468,0,3,572,60,43,5,5,0,0,10,4,0,19,0,4,0,3,6,11,2,7,8,1,True,4.0
471,0,18,625,24,263,101,63,17,37,79,15,0,60,9,0,21,21,7,38,56,64,16,6,False,0.0
473,0,6,686,51,327,54,34,3,16,83,24,1,166,4,12,11,16,21,66,30,61,35,8,False,0.0
474,0,14,541,30,20,3,1,0,2,9,5,0,11,0,1,0,0,3,7,2,4,2,0,True,2.0
475,0,18,471,28,83,19,6,0,2,69,4,0,14,2,0,4,5,1,21,4,8,5,4,False,0.0
477,0,13,93,29,113,21,6,3,5,48,9,2,41,1,1,5,3,4,22,9,24,5,1,True,1.0
478,0,3,436,30,202,75,45,9,15,53,9,2,66,2,2,10,8,8,40,38,51,29,6,True,4.0
479,0,15,766,57,60,12,5,2,1,12,7,0,28,0,4,5,5,5,12,10,14,5,3,True,4.0
480,0,15,302,73,56,12,7,1,3,26,1,0,19,0,1,0,1,6,18,4,11,8,1,False,0.0
481,1,18,313,18,26,11,2,0,1,10,2,0,9,0,0,2,1,2,7,4,9,3,0,True,5.0
482,0,17,327,29,59,24,16,6,7,11,1,0,23,0,0,1,5,1,15,19,7,10,1,False,0.0
483,0,18,196,27,139,68,42,6,15,43,8,0,40,6,2,4,7,2,30,33,29,15,6,True,5.0
485,0,3,679,39,189,33,16,3,4,49,21,3,92,0,3,3,5,10,33,17,49,13,0,False,0.0
486,0,4,666,22,231,84,36,12,18,65,21,1,84,3,1,5,10,8,46,32,63,18,5,False,0.0
487,0,19,191,48,154,44,25,3,10,35,9,0,71,0,2,6,9,9,33,20,35,24,4,True,3.0
488,0,13,344,55,109,28,11,2,12,27,12,1,38,3,2,10,4,14,14,11,32,6,0,False,0.0
489,1,1,793,29,57,12,11,4,6,16,7,2,25,0,1,1,4,3,8,10,9,4,0,True,3.0
491,0,3,705,57,55,5,3,0,0,11,5,0,39,0,2,1,2,4,12,2,6,12,1,False,0.0
492,0,4,462,22,135,55,23,4,7,37,13,2,46,2,1,6,6,7,15,31,38,17,1,False,0.0
493,1,0,371,38,47,13,7,1,1,10,4,0,24,0,0,1,2,4,7,7,12,8,0,True,2.0
494,0,4,38,29,213,71,46,11,28,65,15,0,56,3,3,28,19,6,32,40,41,18,5,False,0.0
495,1,18,439,21,129,32,24,8,21,28,6,0,52,2,2,9,15,7,22,25,30,12,2,False,0.0
496,0,18,377,20,279,107,52,18,29,107,21,1,55,6,3,22,13,9,45,52,61,14,10,True,5.0
497,0,20,435,26,149,29,14,1,4,32,16,2,70,3,9,8,3,8,24,24,37,14,3,False,0.0
498,0,14,535,42,102,21,15,2,5,27,12,0,47,0,3,3,5,8,17,10,18,19,3,False,0.0
499,0,0,695,28,225,41,27,1,12,78,11,0,108,5,2,10,5,6,65,29,40,16,1,False,0.0
500,0,18,96,22,73,20,9,0,1,24,14,0,29,1,0,4,1,5,10,7,19,3,2,False,0.0
501,0,18,214,22,37,14,5,0,5,12,2,0,4,1,0,6,0,6,3,6,16,3,0,False,0.0
502,1,20,230,50,160,30,14,2,6,44,14,0,86,2,5,6,6,8,51,10,29,18,3,False,0.0
503,1,20,665,40,251,42,23,8,29,78,15,3,104,7,0,24,19,7,39,24,51,17,4,False,0.0
504,1,13,177,27,112,44,25,10,22,26,7,0,45,3,0,3,9,3,26,19,26,16,6,True,2.0
505,0,14,43,46,242,77,42,8,26,78,20,1,70,6,9,7,11,19,50,32,60,16,9,True,1.0
506,1,20,236,18,58,30,13,1,3,11,4,0,13,1,2,5,3,7,9,12,28,7,0,False,0.0
507,0,11,163,27,87,25,16,2,5,33,1,1,28,1,0,9,9,1,12,21,12,15,2,True,5.0
508,0,0,90,23,33,13,5,0,1,7,5,0,9,1,1,3,3,5,7,6,12,8,0,True,3.0
510,0,18,199,22,24,6,3,0,0,4,2,0,8,0,1,4,0,4,3,5,10,1,0,False,0.0
513,0,14,179,27,194,43,23,8,9,78,12,1,83,2,2,7,8,11,47,25,29,23,6,False,0.0
514,0,11,372,53,40,8,2,1,4,9,4,0,18,0,1,4,3,6,5,2,14,5,0,False,0.0
515,1,10,94,53,21,5,3,1,0,5,3,0,12,0,0,0,1,2,4,5,1,7,0,False,0.0
516,0,18,448,24,37,15,9,2,3,12,2,0,8,2,1,0,1,3,13,6,10,2,0,True,5.0
518,0,13,428,22,49,11,3,0,4,7,8,0,20,1,1,4,1,7,9,2,15,1,0,False,0.0
520,0,18,27,19,150,68,37,7,9,47,15,1,37,3,1,6,4,7,23,34,46,15,4,True,2.0
523,0,3,29,56,306,58,40,5,15,88,26,3,130,4,9,12,17,19,63,31,60,32,7,False,0.0
524,1,0,165,27,54,15,8,2,3,14,6,0,22,2,0,3,2,4,9,7,15,2,0,False,0.0
525,0,11,737,30,68,19,5,2,2,14,12,1,32,0,1,4,0,7,13,12,27,7,0,False,0.0
526,0,10,115,33,137,24,11,3,5,29,11,1,78,2,3,7,7,11,26,15,26,19,4,False,0.0
527,0,18,414,18,53,15,9,2,3,17,4,0,15,1,2,1,2,3,12,11,14,4,1,False,0.0
528,1,0,339,47,43,10,2,0,0,8,5,0,15,0,0,4,1,8,8,6,19,5,0,False,0.0
529,0,4,688,29,45,8,4,0,0,11,4,0,22,0,0,2,2,4,19,7,10,6,1,False,0.0
531,0,18,675,20,274,81,45,13,24,82,25,1,95,3,1,12,14,11,40,32,62,17,10,True,1.0
532,0,10,33,43,260,65,36,8,15,83,14,3,112,5,6,4,11,14,59,31,61,30,4,False,0.0
533,0,18,50,20,80,21,12,3,5,29,5,0,23,1,1,3,1,5,8,8,29,5,0,True,5.0
534,1,3,588,45,218,25,18,2,9,62,13,3,127,2,7,2,8,9,46,16,31,24,3,True,4.0
535,0,4,259,38,163,51,41,13,27,42,2,0,62,4,1,8,14,5,38,28,24,25,6,False,0.0
536,0,4,207,36,490,77,44,11,24,130,38,5,251,5,14,24,20,25,89,43,84,39,10,False,0.0
537,0,17,190,31,81,28,14,1,1,21,9,0,41,1,2,3,2,2,17,14,19,14,1,False,0.0
540,1,18,608,19,133,30,36,20,43,52,4,1,34,4,1,2,17,4,23,19,11,10,1,False,0.0
541,0,18,474,21,135,21,11,12,15,71,12,1,50,3,1,3,14,2,19,15,14,12,3,True,5.0
542,0,17,718,33,197,57,27,6,8,52,17,0,83,1,5,6,5,10,41,22,48,20,3,False,0.0
544,0,19,78,27,162,81,50,12,19,47,8,0,34,3,1,15,13,3,25,36,33,20,8,True,3.0
545,0,6,211,36,59,22,9,0,2,6,5,0,18,1,0,21,0,3,6,17,21,6,0,True,2.0
547,0,20,724,51,155,50,21,1,4,21,22,0,67,1,5,10,1,13,20,24,67,13,1,False,0.0
548,0,17,348,42,25,12,8,1,3,6,3,0,8,2,0,1,0,1,6,6,7,4,0,True,4.0
549,1,18,723,16,40,15,12,4,8,12,1,0,9,1,0,2,3,3,12,8,8,4,0,False,0.0
550,0,14,439,25,334,103,40,4,8,86,33,0,128,4,4,21,12,18,57,41,96,27,9,False,0.0
552,0,3,492,58,100,12,11,2,7,26,8,0,48,1,5,2,5,10,20,7,17,16,5,True,4.0
553,0,17,492,32,114,31,22,7,12,35,6,0,48,4,1,1,9,6,31,17,32,11,0,True,5.0
554,1,3,217,29,52,19,9,1,0,20,5,0,15,0,3,1,2,4,9,10,19,7,0,False,0.0
556,1,20,105,30,53,13,5,0,2,9,8,0,28,1,1,4,1,5,9,9,14,5,0,False,0.0
558,0,6,95,69,76,22,9,0,4,28,8,1,33,0,0,0,0,6,9,4,15,14,3,False,0.0
559,0,18,88,32,101,26,15,2,4,31,7,2,39,3,5,5,2,4,17,21,22,11,1,True,4.0
560,0,4,456,23,357,75,39,14,24,101,28,7,155,3,10,21,23,16,64,40,66,37,9,False,0.0
563,0,15,702,65,34,22,12,0,0,3,3,0,13,1,1,0,1,3,3,7,17,4,0,False,0.0
564,0,18,442,40,35,3,0,0,0,11,0,0,27,0,0,0,0,1,10,2,1,4,0,True,5.0
565,0,18,128,20,149,40,21,3,9,45,12,2,66,3,2,4,9,6,31,17,27,20,4,True,3.0
566,0,5,88,24,155,26,14,1,3,33,18,4,72,1,11,4,4,15,26,24,36,21,4,True,1.0
567,0,3,14,39,81,8,5,0,2,21,10,1,41,1,5,2,5,9,17,4,12,8,2,True,5.0
568,0,3,656,34,70,18,10,2,4,18,4,0,30,0,1,1,1,7,14,8,20,4,0,False,0.0
569,0,3,128,26,22,6,2,0,1,3,2,0,11,0,1,1,1,3,4,3,7,6,0,True,5.0
570,0,1,16,34,20,3,2,1,0,6,1,1,10,0,2,0,0,3,3,1,2,2,0,False,0.0
572,0,15,369,68,51,8,4,0,1,11,3,0,28,1,2,2,1,4,11,7,11,11,1,False,0.0
573,0,3,395,56,46,4,2,0,0,8,7,1,32,0,2,1,2,6,6,3,15,3,0,False,0.0
576,1,18,562,36,188,53,35,8,25,64,12,1,64,4,3,13,7,6,38,22,42,16,3,True,4.0
578,0,3,361,32,74,15,9,3,1,43,4,0,23,0,1,3,4,4,22,10,11,8,1,True,2.0
579,0,18,152,16,47,22,11,1,2,12,3,0,12,0,0,3,1,1,7,13,16,7,0,False,0.0
585,0,18,580,20,166,83,34,2,2,38,20,0,47,4,0,20,3,6,25,27,52,15,5,False,0.0
586,0,13,125,26,98,25,9,1,9,26,8,0,37,2,2,9,3,15,16,11,33,7,0,True,5.0
587,1,18,678,18,225,53,40,15,30,82,10,1,95,5,0,11,20,5,58,25,32,15,4,False,0.0
590,1,10,661,57,84,9,5,0,2,48,6,2,37,1,0,0,1,3,25,3,7,6,1,True,4.0
591,0,18,752,18,360,75,36,12,20,100,36,8,162,6,7,17,11,24,58,33,83,22,4,True,5.0
592,1,3,518,31,156,31,15,3,8,54,6,0,73,1,0,4,5,4,55,9,29,16,5,False,0.0
594,0,14,269,25,96,15,10,2,4,34,10,1,40,3,0,2,1,2,18,11,21,5,1,False,0.0
597,1,11,323,40,25,10,0,1,4,5,1,0,11,1,1,2,1,3,4,4,9,3,0,True,4.0
600,1,1,775,19,148,37,29,6,23,41,9,1,59,5,1,14,13,6,19,27,24,12,1,True,4.0
604,0,4,285,33,90,23,12,2,2,17,8,0,49,0,1,1,2,7,20,6,28,15,0,True,1.0
605,0,14,496,28,236,69,36,15,25,70,24,2,83,3,1,15,19,7,40,34,51,23,4,True,5.0
606,1,7,28,49,37,6,4,0,0,8,3,1,24,0,0,0,1,1,9,3,3,8,1,False,0.0
607,0,13,88,22,163,19,6,2,7,39,11,0,103,1,4,5,5,8,43,5,31,15,2,True,1.0
609,0,18,198,22,75,16,8,3,8,15,5,0,35,2,3,3,7,3,21,11,23,8,3,False,0.0
614,0,3,232,38,103,10,4,0,2,29,7,4,66,2,1,2,4,4,26,5,11,12,2,True,1.0
615,0,17,383,55,43,14,2,0,0,6,7,0,21,0,3,4,2,8,5,4,22,4,0,False,0.0
616,1,20,103,27,108,20,7,0,2,18,10,2,31,2,6,46,1,3,12,14,24,4,1,False,0.0
617,1,18,338,15,216,51,28,14,25,55,15,0,108,2,2,9,17,7,53,19,42,20,4,False,0.0
618,0,18,337,17,89,72,23,0,0,7,19,0,23,0,1,6,0,8,13,17,45,12,1,True,1.0
619,1,20,596,18,110,24,28,22,44,31,1,0,25,6,0,17,13,3,14,18,24,4,0,False,0.0
620,0,18,470,17,171,72,31,13,28,74,10,0,32,5,1,9,14,5,24,28,32,13,1,False,0.0
621,0,14,129,25,228,77,45,17,21,74,16,0,65,5,2,8,18,9,41,44,44,17,0,False,0.0
622,1,3,466,50,45,14,6,0,0,19,4,0,12,0,2,4,3,4,17,10,8,6,1,True,3.0
623,0,18,257,19,141,35,13,4,4,47,14,0,63,1,1,4,3,10,28,16,36,12,0,False,0.0
624,0,14,180,27,106,34,19,4,6,39,4,0,39,1,2,3,7,10,27,18,25,16,1,False,0.0
625,0,17,167,23,32,8,3,0,1,4,4,0,13,0,1,3,1,6,7,4,14,2,0,False,0.0
626,0,4,76,24,181,78,36,0,1,22,20,0,96,1,2,6,3,4,32,29,44,25,9,False,0.0
628,1,13,339,46,121,31,12,0,3,25,18,0,66,1,0,4,2,8,24,11,30,13,1,True,4.0
631,0,18,448,18,118,41,22,7,12,32,9,0,47,1,0,6,13,3,28,16,29,13,6,True,3.0
632,0,14,439,35,58,29,13,1,3,7,2,0,22,1,1,4,3,6,10,11,27,8,2,False,0.0
633,0,4,788,39,135,23,9,5,7,42,13,2,63,1,2,2,3,6,21,10,33,9,2,True,4.0
634,0,13,218,22,34,8,4,1,1,9,3,0,12,0,1,2,0,6,11,1,15,1,0,True,5.0
636,0,13,534,30,104,26,13,3,6,28,9,1,49,1,0,0,2,7,25,9,26,10,1,False,0.0
637,0,4,15,45,67,49,26,0,0,16,7,0,13,1,1,3,1,1,9,21,16,12,2,False,0.0
638,1,10,114,42,148,10,8,0,2,45,4,2,94,1,2,0,4,7,56,4,15,12,4,True,4.0
639,0,18,489,20,109,40,18,2,3,45,13,0,32,0,3,2,4,3,22,13,29,5,0,False,0.0
640,0,18,478,24,40,1,2,2,2,7,2,0,22,1,3,0,2,3,5,5,7,4,1,False,0.0
641,1,18,725,18,318,65,60,26,76,141,10,0,90,13,2,13,26,5,54,29,35,17,7,False,0.0
642,0,17,423,39,206,60,26,14,13,74,23,2,61,3,4,15,14,8,36,22,51,16,4,True,4.0
643,0,15,504,51,42,18,5,0,5,10,6,0,13,1,1,1,1,5,11,7,15,4,0,False,0.0
644,0,14,398,27,122,22,8,0,2,34,13,2,59,2,6,10,5,5,22,19,20,16,4,False,0.0
646,0,3,349,40,58,27,14,3,4,17,4,0,18,1,0,0,4,3,15,7,15,4,3,False,0.0
647,0,4,652,43,297,98,56,10,25,114,14,0,67,5,2,35,11,11,42,50,58,26,6,True,4.0
649,0,4,602,42,311,89,58,12,28,87,19,2,102,5,9,25,25,12,47,53,59,33,9,True,2.0
651,0,13,211,35,22,8,1,1,2,5,1,0,6,0,0,2,1,3,5,2,11,3,0,False,0.0
652,0,6,415,31,283,88,42,2,15,90,23,2,103,5,5,17,7,14,38,44,66,27,7,False,0.0
653,1,18,574,27,147,40,20,12,11,51,10,0,53,2,1,1,7,5,37,16,40,7,1,True,5.0
654,1,7,481,50,685,86,36,2,11,167,56,20,410,3,12,19,18,34,123,41,126,42,4,False,0.0
658,0,3,406,31,191,41,23,0,2,57,11,0,86,1,8,11,12,12,46,26,37,22,5,False,0.0
659,0,18,556,26,224,91,51,13,26,78,14,1,56,6,2,17,16,9,31,51,47,16,5,False,0.0
660,0,14,762,28,121,32,18,9,11,30,1,1,49,1,2,8,7,3,26,22,27,14,1,True,5.0
662,0,13,162,26,158,36,13,4,6,38,17,0,72,1,2,8,4,11,26,14,48,14,0,False,0.0
663,0,4,691,30,166,35,20,6,6,50,16,0,79,0,10,2,8,16,32,19,37,15,3,True,5.0
664,0,0,437,25,142,38,15,8,11,45,13,0,55,3,1,6,11,5,33,20,27,16,2,False,0.0
665,0,0,490,44,245,47,28,4,5,73,23,4,103,1,10,9,8,18,41,30,60,28,7,False,0.0
667,1,20,91,29,46,15,14,3,3,13,6,0,16,0,1,3,4,6,7,8,14,4,1,True,1.0
668,0,13,172,37,100,26,16,4,3,26,12,0,49,0,3,2,1,8,19,18,26,18,1,False,0.0
669,0,19,193,30,46,12,5,1,4,10,2,0,17,0,3,0,4,8,8,7,13,8,1,False,0.0
670,0,14,657,21,124,77,31,0,0,15,17,0,31,1,3,11,1,6,21,22,51,10,5,True,4.0
671,1,0,635,54,29,5,2,0,1,16,1,0,10,0,0,0,0,1,11,4,2,3,0,True,2.0
673,1,18,429,13,41,18,11,1,5,14,1,0,12,0,0,1,1,1,8,6,14,4,0,True,2.0
674,0,13,240,34,34,2,1,0,0,7,1,0,28,0,0,0,0,2,4,2,3,4,0,True,2.0
675,0,14,277,30,77,27,13,5,7,27,4,0,26,1,1,3,4,4,14,10,22,14,0,False,0.0
676,0,13,777,20,49,11,8,4,6,15,4,0,18,0,0,4,2,3,8,6,12,4,0,True,4.0
677,0,3,487,50,28,9,5,1,1,4,3,0,18,0,0,0,0,1,9,5,7,3,0,False,0.0
678,1,18,407,20,62,14,10,5,10,24,3,0,22,1,1,2,6,4,17,9,9,10,2,True,5.0
680,1,11,739,44,22,2,2,1,5,4,0,0,11,0,0,2,2,2,4,2,5,3,0,True,5.0
681,0,14,425,23,399,124,53,10,21,136,37,4,137,5,6,20,16,14,61,42,89,29,10,True,5.0
682,0,10,220,42,75,16,7,1,5,12,15,0,42,2,2,4,3,10,12,6,26,8,0,True,4.0
685,0,3,224,32,71,17,7,4,4,14,11,2,36,0,3,3,6,5,10,9,15,14,2,True,5.0
688,0,13,346,25,36,19,9,2,3,9,1,0,9,0,0,0,1,3,7,12,13,5,0,False,0.0
689,0,16,503,35,115,23,9,3,5,66,10,0,28,1,2,4,5,2,24,6,25,6,5,False,0.0
690,0,3,461,34,32,5,4,1,5,10,2,0,15,0,0,2,0,2,7,2,6,4,0,True,5.0
691,0,4,154,34,40,5,1,1,1,29,4,0,12,1,0,1,0,1,8,3,3,2,0,True,5.0
692,1,7,615,43,154,48,21,2,5,16,14,2,81,2,5,5,8,9,19,20,46,19,2,True,3.0
693,0,14,56,60,157,34,24,2,8,36,8,2,68,3,6,6,13,8,32,23,26,25,8,True,3.0
696,0,13,552,25,105,37,10,5,6,24,10,1,37,1,1,7,3,9,19,14,38,9,0,False,0.0
697,1,14,67,28,127,32,18,5,10,40,7,0,46,1,5,2,9,13,38,19,27,17,2,True,2.0
698,0,13,733,44,149,34,23,7,20,36,13,0,56,4,0,5,6,14,28,17,44,9,0,True,3.0
702,0,3,373,26,47,14,7,3,4,17,4,0,18,0,0,2,2,2,8,8,12,5,0,True,5.0
703,1,10,647,51,90,12,10,1,3,27,5,0,47,0,6,2,4,8,20,8,13,12,3,False,0.0
705,0,18,448,23,29,9,7,1,1,6,4,0,11,0,0,2,0,2,4,4,12,5,0,False,0.0
706,1,10,160,56,236,10,9,2,6,80,11,6,145,0,5,4,10,13,59,3,18,17,1,False,0.0
707,1,8,732,26,105,25,16,5,10,41,5,1,38,0,1,0,10,3,28,7,18,9,0,False,0.0
708,0,13,786,21,138,72,29,1,2,26,17,0,40,2,2,23,4,2,22,27,38,11,5,False,0.0
709,0,18,658,19,86,22,9,7,9,11,15,0,40,0,5,4,8,9,15,11,21,9,1,True,4.0
710,1,18,132,22,221,34,24,14,20,75,5,1,108,3,2,8,16,3,67,19,18,20,4,False,0.0
711,1,18,410,22,162,27,32,15,43,77,1,0,53,6,0,1,15,1,45,16,7,8,8,True,4.0
714,0,19,649,21,167,65,28,7,6,56,17,0,47,1,1,9,6,3,32,33,44,16,5,False,0.0
715,1,0,340,36,269,54,40,13,26,86,13,1,101,4,7,9,25,15,58,25,38,33,8,True,4.0
716,0,19,605,24,93,32,13,1,0,16,12,0,40,1,2,3,1,11,17,14,29,8,0,False,0.0
719,1,0,141,49,30,1,1,0,1,10,2,0,19,0,1,0,1,3,9,1,5,2,0,True,4.0
720,1,5,107,24,168,40,22,2,11,46,12,1,85,2,2,5,4,13,37,21,31,18,3,True,1.0
721,1,8,148,50,42,11,5,0,1,12,5,0,13,0,1,2,0,7,6,2,16,3,0,True,4.0
722,0,6,697,26,22,6,4,3,1,7,0,0,10,0,1,0,1,2,5,5,4,3,0,False,0.0
723,0,6,312,31,85,17,8,2,5,20,9,0,34,1,2,6,4,8,17,5,25,7,0,True,5.0
724,0,18,655,21,25,8,2,0,0,7,1,0,9,0,0,1,0,3,7,4,11,4,0,False,0.0
726,0,18,575,25,322,132,66,17,23,104,25,0,82,8,1,26,15,11,59,55,69,25,12,False,0.0
730,1,3,521,41,83,8,7,3,8,27,6,1,42,0,2,1,7,5,26,4,9,6,2,False,0.0
732,1,13,479,44,107,14,6,2,3,19,11,2,71,1,1,1,0,7,22,5,18,7,1,True,2.0
733,1,13,497,25,64,16,13,2,6,14,2,0,28,1,0,1,8,3,24,9,12,7,1,False,0.0
734,1,7,623,29,53,10,5,1,2,13,6,1,30,0,0,2,2,3,10,5,14,7,0,False,0.0
735,1,20,705,48,24,9,5,1,1,5,4,0,10,0,0,0,2,2,9,3,4,4,0,True,4.0
737,0,19,722,35,148,66,38,10,13,44,7,0,42,4,1,6,7,6,19,46,34,20,4,False,0.0
738,0,19,530,35,35,11,7,1,3,5,5,0,15,0,0,1,1,3,12,5,13,8,2,True,4.0
739,1,3,204,25,20,5,1,0,0,6,2,0,6,0,1,1,2,3,6,2,8,3,0,True,4.0
740,0,20,497,25,104,31,15,1,4,40,8,1,39,1,1,4,4,3,33,12,27,11,1,True,5.0
741,0,18,244,35,26,8,5,1,1,7,3,0,13,0,0,0,0,1,5,7,4,2,0,False,0.0
744,0,20,420,42,60,15,9,2,3,11,6,0,35,0,1,1,0,3,13,9,10,10,4,True,1.0
745,0,4,157,25,67,49,25,1,4,14,5,0,15,1,1,3,2,2,10,21,21,7,1,True,3.0
746,0,13,685,19,293,37,26,16,30,105,23,8,132,3,5,9,19,17,47,24,44,27,4,False,0.0
747,0,0,710,28,108,31,16,7,5,30,4,3,47,0,3,4,8,5,25,20,19,20,1,True,2.0
748,0,13,595,33,305,105,67,12,33,89,21,1,94,8,4,14,17,12,45,46,64,30,9,False,0.0
750,1,13,632,24,168,44,24,10,15,68,10,0,55,3,3,3,15,11,41,22,39,7,0,True,4.0
751,0,15,194,60,73,12,6,0,3,17,7,1,36,0,1,4,1,8,10,6,24,5,2,False,0.0
752,0,16,649,56,57,17,6,1,2,11,5,0,29,0,5,2,1,3,11,8,14,11,2,True,1.0
754,1,3,736,44,38,10,3,1,3,8,3,0,14,0,2,2,3,4,8,4,13,5,0,False,0.0
755,1,12,637,30,109,37,24,12,26,29,5,0,29,3,2,4,14,3,21,23,30,7,2,True,1.0
756,0,18,414,26,166,92,45,10,10,27,13,0,42,2,1,11,7,7,23,47,61,21,7,False,0.0
757,0,18,402,27,357,96,46,6,13,113,29,4,123,5,8,23,19,24,58,50,84,21,5,True,4.0
760,0,18,746,17,66,20,11,2,7,19,4,0,31,0,0,4,2,1,12,8,13,10,1,False,0.0
762,0,17,20,27,129,24,11,6,8,36,9,1,70,0,0,2,8,6,29,12,21,13,3,True,4.0
763,1,3,493,27,109,24,17,10,13,33,5,0,45,3,2,1,11,4,28,9,30,10,0,False,0.0
765,0,13,101,42,175,37,25,5,14,55,10,0,68,3,3,16,21,7,33,21,19,18,4,True,4.0
766,0,4,0,70,37,10,4,2,3,11,3,0,18,1,1,1,2,2,9,5,10,5,1,True,5.0
767,0,0,120,29,64,15,10,1,2,24,6,0,28,0,0,3,0,2,17,6,14,6,0,True,3.0
768,0,6,68,39,29,10,4,2,2,14,2,0,5,1,0,0,1,1,6,6,6,2,0,True,3.0
769,0,18,125,28,64,18,11,4,6,17,4,1,27,0,1,2,3,4,15,10,20,3,0,False,0.0
770,0,18,136,26,70,15,12,11,14,28,1,0,27,1,0,0,8,1,26,7,7,7,2,False,0.0
771,0,20,225,50,33,12,3,0,2,5,5,0,14,0,1,2,0,6,5,3,18,4,0,True,1.0
772,0,18,439,20,161,44,21,9,5,57,17,1,61,2,1,13,4,6,24,29,27,10,3,False,0.0
773,0,18,581,30,224,83,46,6,10,62,17,1,69,4,4,28,9,6,29,42,49,22,6,False,0.0
775,0,10,385,30,105,21,13,5,7,19,6,0,30,0,5,31,7,6,16,18,21,9,3,True,4.0
776,0,14,11,63,36,4,1,1,1,14,4,0,23,0,0,1,1,1,4,2,7,7,0,True,4.0
779,0,14,700,49,55,21,12,0,2,14,1,0,26,1,1,2,4,2,14,7,9,12,2,False,0.0
780,0,18,368,20,42,11,7,0,1,7,7,0,25,0,1,1,1,7,7,9,8,11,2,False,0.0
781,1,1,280,21,232,46,23,3,17,70,24,2,92,3,3,10,6,15,41,16,53,12,0,True,3.0
783,0,0,646,47,39,9,4,0,1,3,9,0,22,0,2,1,0,8,6,4,15,4,0,True,3.0
785,1,4,10,36,117,34,20,10,14,31,5,0,49,1,2,4,12,4,31,18,14,16,3,True,1.0
786,1,18,770,18,57,12,4,0,3,12,5,0,26,1,2,4,3,7,15,3,18,6,0,False,0.0
787,0,0,51,51,249,83,43,3,12,45,24,1,105,3,4,14,10,11,32,35,69,33,15,True,3.0
789,0,19,594,27,231,72,33,3,12,103,10,0,64,4,1,13,9,5,49,37,43,19,8,False,0.0
790,0,3,175,31,25,6,4,0,2,5,5,0,9,0,2,1,2,4,8,2,10,4,0,False,0.0
791,0,14,116,40,47,11,6,2,5,11,6,0,22,0,0,0,2,3,7,3,13,2,1,False,0.0
794,0,14,83,30,159,49,36,9,17,76,11,0,31,6,1,17,15,4,21,33,29,10,2,False,0.0
795,1,20,286,32,358,104,54,9,31,110,21,1,129,4,5,20,18,24,87,44,83,23,5,True,5.0
797,1,20,506,40,239,53,56,12,51,110,10,0,59,8,0,6,20,13,58,25,28,11,3,True,4.0
798,1,0,166,49,24,5,4,0,1,4,2,0,13,0,2,1,2,5,7,2,5,3,0,True,1.0
800,0,20,667,22,26,11,4,0,1,5,4,0,6,0,2,6,0,5,4,4,13,3,0,True,4.0
801,0,0,291,35,75,19,7,0,3,8,6,0,17,0,4,34,0,7,5,15,25,5,1,True,5.0
802,0,0,567,70,33,6,2,1,5,10,2,0,13,0,0,1,2,3,6,3,10,4,0,True,3.0
803,0,3,490,39,332,101,63,15,33,105,23,2,96,11,4,31,18,14,47,56,72,31,8,True,3.0
804,1,13,172,27,273,75,46,18,32,95,18,5,83,6,3,22,23,9,41,38,58,16,3,False,0.0
805,0,11,105,27,140,45,24,6,4,44,18,0,54,0,4,6,10,6,27,21,26,17,1,False,0.0
806,1,7,684,41,204,88,68,28,52,49,9,2,47,7,3,3,30,6,28,39,37,20,7,False,0.0
812,1,18,22,14,29,9,7,1,5,9,1,0,8,1,0,1,2,2,3,3,5,3,0,False,0.0
814,0,13,239,32,183,45,31,18,28,46,4,0,70,4,2,13,21,10,30,34,28,22,3,True,5.0
815,0,13,181,34,25,10,3,0,2,5,2,0,7,0,0,2,0,4,2,6,13,4,0,True,5.0
816,0,18,465,19,36,21,8,1,1,3,5,0,13,0,0,2,1,5,3,6,16,2,1,True,1.0
817,0,10,230,28,21,8,2,0,0,3,3,0,11,0,1,1,0,4,5,2,9,4,0,True,4.0
822,0,1,381,27,185,47,24,14,19,65,16,1,68,2,4,7,12,9,38,29,40,19,1,False,0.0
824,0,4,49,44,145,48,23,0,5,38,14,0,50,4,1,6,1,5,23,20,49,11,1,True,5.0
829,0,14,391,46,106,45,28,10,12,30,8,0,28,1,2,5,9,1,23,18,20,13,6,False,0.0
830,0,13,288,21,73,24,11,1,2,16,8,0,34,0,0,3,0,7,16,12,29,9,0,True,4.0
831,0,19,552,24,25,11,2,0,1,5,2,0,7,0,0,4,0,5,7,5,11,6,0,False,0.0
832,0,20,631,34,267,72,30,3,2,65,35,3,97,2,9,31,5,10,26,47,72,22,6,False,0.0
833,0,13,507,26,54,15,6,0,1,11,7,0,32,0,0,3,0,4,14,6,12,7,0,True,5.0
834,1,6,108,44,102,17,9,2,7,17,6,0,61,1,4,7,9,6,18,10,16,9,1,True,4.0
835,0,1,92,44,50,4,2,0,1,11,6,1,26,0,5,2,2,9,7,4,10,5,0,True,4.0
836,1,1,436,36,46,5,4,1,3,17,1,0,23,1,0,0,2,1,18,4,2,2,0,True,3.0
837,0,18,5,23,93,29,18,8,7,33,9,0,34,1,1,0,7,5,25,19,16,11,0,False,0.0
838,1,5,644,38,57,15,5,1,1,16,5,1,26,0,0,1,1,2,15,10,14,6,0,False,0.0
839,0,1,434,39,197,32,24,7,12,54,13,5,85,1,10,9,13,15,38,22,34,24,4,True,5.0
840,0,2,356,45,31,10,3,0,1,3,3,1,13,1,1,3,0,4,6,5,17,3,0,True,3.0
842,0,10,338,35,204,60,43,16,25,39,9,1,63,2,3,37,21,5,22,49,39,24,4,False,0.0
843,0,4,728,22,81,32,22,8,10,21,6,0,25,1,1,1,6,2,22,20,15,14,1,False,0.0
845,0,9,355,27,405,88,56,12,35,132,28,1,161,7,11,25,22,15,78,43,59,36,16,True,4.0
846,0,18,440,29,146,31,20,11,20,57,6,1,39,3,1,11,12,5,27,29,24,13,0,False,0.0
847,0,4,27,46,150,29,28,6,15,50,5,3,58,4,5,5,14,11,33,19,20,22,3,True,1.0
849,0,19,570,34,51,18,13,3,7,20,1,0,15,0,0,1,6,1,13,8,11,7,2,False,0.0
850,0,13,250,18,209,66,28,6,14,55,27,1,69,4,3,11,6,10,27,22,68,17,2,True,4.0
852,0,20,316,49,41,11,5,0,3,6,7,0,16,0,2,3,0,8,5,5,19,6,0,False,0.0
853,1,18,435,29,217,42,24,1,6,56,19,3,105,3,5,7,4,19,42,27,52,18,3,True,3.0
855,1,11,742,43,26,7,0,0,0,6,3,0,16,0,0,1,1,5,5,2,10,4,0,False,0.0
857,0,3,87,63,21,6,2,0,0,1,7,0,12,0,0,1,1,4,2,1,8,4,0,True,4.0
859,1,15,365,70,71,7,2,0,1,36,7,0,38,0,1,1,2,6,20,2,11,4,0,True,3.0
861,0,6,122,25,165,54,37,4,10,36,13,0,61,4,4,14,9,8,24,33,40,23,4,False,0.0
862,0,18,461,17,107,16,5,1,3,23,13,2,46,0,4,7,5,13,21,7,34,5,0,True,3.0
863,0,14,494,27,294,80,49,22,36,95,20,1,109,6,3,19,21,13,45,38,67,23,6,False,0.0
864,0,1,106,25,66,21,12,17,13,21,5,1,13,2,1,2,10,3,5,11,14,5,0,False,0.0
866,0,17,669,24,95,33,16,2,5,14,6,1,45,1,2,1,4,6,16,23,30,21,2,False,0.0
867,0,14,426,21,208,65,41,16,24,73,13,0,59,3,1,15,14,5,35,40,37,19,10,True,1.0
869,0,18,508,22,269,43,17,4,5,88,25,3,124,1,9,10,6,19,57,18,72,27,8,True,2.0
870,0,6,342,31,115,38,14,1,2,27,11,3,53,0,1,4,3,5,32,12,24,17,5,True,4.0
872,1,0,287,48,20,7,1,0,1,5,2,0,10,0,0,1,1,3,4,2,6,3,0,False,0.0
874,1,18,293,24,89,18,7,4,5,22,10,1,50,1,3,3,4,8,19,14,24,12,0,True,3.0
876,0,13,558,30,81,16,7,1,2,21,4,0,42,0,1,3,4,5,40,7,19,11,1,False,0.0
877,1,3,754,50,134,14,14,5,12,45,5,1,76,1,1,1,9,3,51,11,6,14,3,True,2.0
879,0,18,599,13,368,117,51,10,27,154,43,1,109,6,5,16,11,16,50,45,88,22,10,True,5.0
880,0,11,322,39,259,68,55,16,43,83,15,0,78,8,4,13,21,9,45,36,51,28,5,True,3.0
881,0,4,314,35,137,42,26,13,27,45,3,0,42,3,1,8,13,5,26,25,25,14,4,False,0.0
882,0,10,379,49,268,53,27,3,7,97,24,4,124,1,4,8,5,15,75,25,52,20,4,True,4.0
884,1,13,721,30,102,21,14,15,23,46,5,0,35,2,0,1,17,3,25,11,12,8,1,False,0.0
885,0,18,490,20,240,80,34,5,11,84,25,3,91,3,2,12,8,5,41,31,56,22,4,False,0.0
888,0,19,573,24,326,85,41,8,12,117,33,5,125,5,7,8,13,18,57,37,72,31,11,True,1.0
889,0,18,745,32,119,29,23,6,10,30,4,1,42,1,5,17,6,6,17,26,16,20,3,True,3.0
890,1,0,40,51,47,13,7,0,0,11,2,0,25,0,0,0,1,2,14,3,12,5,0,True,3.0
891,0,13,345,36,226,64,45,21,35,69,19,0,69,6,3,8,19,10,43,32,38,24,9,False,0.0
892,0,18,730,25,59,24,10,4,5,20,4,0,14,2,0,2,0,2,15,15,17,8,0,True,2.0
893,0,3,532,47,245,37,16,1,1,50,22,3,146,2,4,4,3,18,54,19,56,18,1,True,1.0
894,1,10,273,31,20,7,5,1,2,8,1,0,4,0,0,1,0,1,8,3,6,2,0,False,0.0
895,0,20,653,28,362,117,54,16,22,91,31,2,138,5,9,26,15,24,57,52,81,36,13,False,0.0
896,0,13,283,30,185,57,35,11,26,56,12,0,55,5,3,14,15,6,32,28,40,20,10,True,4.0
897,0,8,488,23,30,10,2,0,2,9,5,0,12,0,1,2,1,6,6,5,10,2,0,False,0.0
898,0,13,421,32,135,48,25,4,7,40,6,1,48,1,1,3,6,6,32,21,30,20,6,False,0.0
900,0,6,781,38,124,37,30,3,24,56,4,0,28,2,1,4,7,3,27,25,17,13,2,False,0.0
901,1,1,738,45,49,20,9,4,7,10,6,0,19,1,1,1,4,7,9,12,15,10,0,True,3.0
902,0,3,185,28,136,25,10,3,3,35,20,2,67,1,3,6,3,7,13,12,29,14,2,True,3.0
904,0,13,263,27,40,10,1,0,0,10,5,0,21,0,1,0,1,5,9,2,16,4,0,False,0.0
905,0,10,520,45,41,5,2,3,1,4,9,0,27,0,1,1,1,3,9,3,11,5,0,True,4.0
906,1,13,592,25,147,27,15,3,7,45,9,1,70,1,0,5,4,9,40,10,32,15,1,True,2.0
907,1,10,517,44,74,16,6,0,3,20,8,1,29,2,5,6,2,7,17,11,25,11,0,True,3.0
909,0,7,245,28,60,27,13,1,1,7,12,0,27,0,0,3,1,4,9,10,24,6,0,True,2.0
910,1,20,397,37,98,16,16,11,21,35,2,0,32,2,2,4,16,6,19,10,10,9,2,False,0.0
911,0,13,62,51,53,6,8,2,5,16,5,0,22,1,3,3,8,4,13,6,6,6,3,True,3.0
912,0,18,546,27,132,32,20,11,13,35,11,0,53,1,4,8,12,4,21,27,28,14,1,True,3.0
914,0,5,476,50,26,5,1,0,1,4,4,0,13,0,2,2,0,5,4,3,11,1,0,True,4.0
915,0,4,785,27,317,86,46,5,9,95,24,1,134,6,3,12,12,8,64,43,74,31,8,True,3.0
916,1,18,170,22,35,6,2,2,2,11,4,0,18,0,0,0,2,3,11,2,7,4,0,True,4.0
917,0,17,519,40,103,7,7,1,6,40,2,2,54,1,3,2,7,4,28,6,5,11,0,True,3.0
918,0,13,125,25,217,38,22,9,24,61,14,1,108,5,1,12,11,14,46,21,51,15,0,True,4.0
920,1,18,772,20,110,34,32,6,20,42,4,0,33,7,1,2,5,6,27,19,15,10,1,True,3.0
921,1,0,193,29,127,45,29,8,12,47,7,0,31,2,1,10,14,3,28,31,19,13,2,False,0.0
922,0,18,779,21,74,25,13,1,2,18,12,0,25,2,1,3,0,6,12,9,26,4,0,False,0.0
923,0,13,111,29,82,22,13,4,2,15,10,1,41,1,0,2,3,1,19,11,18,11,1,False,0.0
924,1,16,370,18,32,4,0,0,0,2,5,0,12,1,1,14,0,5,3,1,16,1,0,True,5.0
926,0,14,444,23,120,34,25,14,27,57,6,0,21,5,0,3,11,3,24,20,19,4,0,True,5.0
927,0,18,435,21,32,10,5,1,2,9,2,1,15,0,0,1,0,5,9,4,8,2,0,False,0.0
928,0,17,403,44,49,14,5,1,3,9,6,1,27,1,3,1,2,4,8,10,13,12,2,True,5.0
931,0,3,59,58,241,48,39,7,11,64,10,4,92,3,8,16,7,15,35,32,37,24,11,False,0.0
932,0,18,362,28,184,71,30,2,6,71,18,0,54,2,3,15,9,4,23,34,33,20,9,False,0.0
933,0,4,207,61,174,38,25,6,15,63,9,2,68,4,4,7,19,8,36,27,21,15,5,True,2.0
935,0,13,278,24,142,27,13,1,4,48,13,2,68,0,0,3,3,7,31,14,28,5,0,True,5.0
936,0,3,757,48,40,6,3,1,2,12,2,1,25,0,0,0,0,1,9,3,4,4,0,False,0.0
937,1,19,413,38,108,35,17,5,11,40,6,0,32,2,1,4,4,5,21,15,32,8,1,True,5.0
938,1,18,282,26,49,18,10,1,1,15,3,0,18,1,0,1,1,1,10,8,12,3,0,False,0.0
939,0,0,31,32,107,23,12,2,5,42,7,0,48,0,3,4,7,3,24,19,20,15,0,False,0.0
941,1,10,566,48,79,18,11,4,13,22,0,0,31,2,1,3,5,9,17,6,20,10,3,True,3.0
942,0,18,561,22,168,64,35,2,9,56,18,0,57,2,0,14,4,3,33,22,35,15,9,False,0.0
